dbo.sp_borrarlog	d43212c7dca861b85b6b9e559b4e89dc	4c18045c05ba7ce48e430d2c0b13cd27
dbo.sp_obteneralmacenvendedorlocal	71d243ca9c90909c94f96bae09ecd6bb	1026b0ded7da2551abfce8fc2cdccdc9
dbo.sp_obtenercierrealmacenpr_pd	ca83eb8bbf72a9f9200fcacff5ab29c0	3a05cb758fceb782702add107819c7c7
dbo.sp_obtenercierrealmacenpr_pd_psaldos	62314b24c9263304e95b62fc00d74446	892f1e7d72a673ed016d1d3bc40409bb
dbo.sp_obtenerdecodificadorespvseriales	56c2295c8e1a68049f0ee9a44730d4f8	0695a7c815453a0d572ede5e420131d3
dbo.sp_obtenerdetallecuadre	5f0c06c26aaefd04f6a268ad49aaad68	d16032c5462d124b135f2b7180aa798f
dbo.sp_obtenerlistadevolucion	00afd198e5198b5dac39b8a01ff6195e	c34a65ba6be1f70e15cc363ad15066f3
dbo.sp_obtenerlistaordenestrabajo	73dfdb0fa0fc9da8091106e604fd5daf	24b96ce9d72d301338b5ffec0a5b78a0
dbo.sp_obtenerlistaordenestrabajorfechas	55764dc84569458e8f36e57c37df1168	843217e5518d918e77b650c96a462be1
dbo.sp_obtenerordentrabajo_x_fecharegistro	f5e187f80f821cdb36726db21d78b0eb	dde1ca0547dfebf41703c595e04b60e5
dbo.sp_obtenersaldoalmacen_y_saldoretiro_x_fecha	77aa1c770ee7e67d6a678775f10a8192	fc59e3b4588533b6643c5593a5679c6a
dbo.sp_traercierrealmacen_xid	dc9152dcd75901882e4c3cfef63d65ca	80a15bf6f19c6aca8d01c999c684cf0a
dbo.sp_traercierrealmacen_xrangofecha	42134b501b2041c10e03e39cd1a905d6	1bf90f8ec6a977a24f61ed2681bc6adb
dbo.sp_traerrutasnocuadradas	ec56dbe6e41383f03afeac7b23c6503f	b6952950471c68cb9452cb914fe0e640
dbo.spr_traervendedores_x_formtecnico	d3df6d0cb8619b82035367b75ca27778	1ab014aa7361ab50b1fe3618de607bc9
dbo.spx_busquedaseriechipid	79e9bb8e209291613a8efad9c2137f8f	8b76c28fa9672e065ee95b0cf5f55260
dbo.spx_cargardatosfaltantee18	421ee20d1855ce22e3e3f6169a43e119	d198b88663a2af15d17a06de0cc6f614
dbo.spx_cargarrutasegunestado	9fdf6520499fd368d88f42b37544b50e	31237606b4bfcb93c149956e044743e4
dbo.spx_dardebajacorreccionerrores	dc50699299e2e1b06f3a3727b4a81b56	fc9393f23bf306ca83d18cfafbf17b89
dbo.spx_eliminarbajaproductos	2dd3383dd65cb0e52917942a8d10c998	2c7625fbda2925e00574c81de91b31a0
dbo.spx_eliminarcierrealmacen	558db9d795809bafb5804acfa4fe5c01	acac25a5d9dbd657ca468f23acf5c1fb
dbo.spx_eliminarcierrealmacenpr_pd	116fae6764f6fb4e8abff332dff73fe5	fcba6e201572727dc8b15204e70825e2
dbo.spx_eliminardevoluciontigopendiente	ab1e498d252d58faa92a2c6bebf690cb	2b552f2b01f21f7703fdb2a1df3d4d55
dbo.spx_existecierrealmacenhoypr_pd	4f86c9a060ec63eb006d66bc653e451a	f3b7af849a5d8faf4d697dfee65bc44f
dbo.spx_existedatocorreccionerrores	d03f990fd71cc128f80322398e66ef8d	1e4e9c1ce23628b1090ea903566d8c7c
dbo.spx_existeordenregistrada	a8479c6e517a7f30eb1263d6e0081ad7	47259fd9adb773b1d68e5c19decd4546
dbo.spx_getarchivo	89ea8905b4f6575c2cfaed89823f1648	7bb55092676f67965209a20213f84cc0
dbo.spx_getmaterialdevueltotigo	7475b11f73f4417dade2c95b99d4212f	b4d9a6854a5dc2120ccc78fc4401f146
dbo.spx_getmaterialdevueltotigopendiente	4bfd95be8e9087d4966060c9d463d2b3	6ebef9c2c844e45af3b175e16988b592
dbo.spx_getmaterialdevueltotigopendientesagrupar	38f7ab0004f9b946fc1637a285a397a1	df0eed9df873632f967f97eea4235968
dbo.spx_modificaranticipopago_bajacunr	99b390d16ddb9939d8a286606f1d798f	29c15f17556fd9cb5efbb6e7488f3b2d
dbo.spx_modificardatosvendedor	6acbad4cfe58ad578f6e1ef1f2624b28	f8aa0bc0830aea1d2d6f505e6360ca5c
dbo.spx_modificaridestado	85a5ba53e47947f8fc3c5b69ea02eedc	6bf15db11fcea180dd3577d0fde13698
dbo.spx_modificarnombreproductoc4	f709c365b32a0125836e186aa041ada9	9f249b3bcf084281e5a40bcf93d41161
dbo.spx_obtener_bajaproductosnacional	7a825d3380ac7da12edc015017a7c237	d101ebb28c6b2bf49732a8712510bd9f
dbo.spx_obteneranticiposempleado	edb7c70b636dd4bb162a7adf7baad036	eacf1991a3c1ab71805867412fec8bdf
dbo.spx_obtenerbajaproductos	c6e35b6307bdca5d1ee40e74d7248057	fbad2236f691d1d6b1088b379a68bb0f
dbo.spx_obtenerbajaproductosnacional_xid	549f9902ad85174de69ffc3423db8fa7	e6689f264af64628f66698eb7bd4fb30
dbo.spx_obtenerbajaproductospendiente	da965b78216fa3821a993c7674d26178	13d8aa8d278cc835cd5a7cb1dfad977f
dbo.spx_obtenercargousuario_xidventa	07f03e949c273840c89d183d8ce0b6b3	6ce4c16d13938c3d7788fa625b5c4c2e
dbo.spx_obtenercargousuarionorealizado_id	77eaa583665dd3c3ac79b0481297aa1a	d476d88d50a842211636c0f9fe52cfec
dbo.spx_obtenerdatoembajadoresbdcomision	224f581c7ff3a567a7d505b447edccbc	25cea0a181751e56f44fb5ca7bcabd60
dbo.spx_obtenerdatoempleadobdboletasmakiro	afd647310e04f73a4acc2a9cdb79d735	0f2e70f11befba3a1115fdaf5f909724
dbo.spx_obtenerdatoempleadobdboletasmakiroxsucursal	7e04100871560d81f98db7a1a4e2d51d	30ccf45cde9de4aff2970f67e1891bbe
dbo.spx_obtenerdatosusuario	661d6df2601a4054c6f8eab8d30e8011	1ae659ff238a2a7c68d0351edcaa5ffc
dbo.spx_obtenerestadoproductobp	9a2db83593930e54f67a87ec7c294b1a	afc7aeda22c7e165e90177ae243d2b7f
dbo.spx_obtenerfechaactual	c7dc1c53a66402560045f115b451a06f	faf6a88df6486e17d505139d8a734c99
dbo.spx_obtenerlistacu	15e634f8a6a3216d3eb762fae789ad02	3f92e8fd24cde5518909a9e91fbfd821
dbo.spx_obtenerlistausuario	0cff74208b655386c08edd851e9e51c6	b1e20f2c03e366d5aea000fcb6ba602b
dbo.spx_obtenerrutaxidtecnico	68d76dd4fb84fcd5bf0213f225f315fc	4c492c4d100b7aca1d9a5844a9da89d7
dbo.spx_obtenertablaprocedimientos	178f241bab456cdf6de18a4b5d78b43e	0272d247162d485fc59fb818782b0cd1
dbo.spx_obtenertiposervicio	1fbfe439a707a8fcefdd165297932639	b5bbf51833517d9d41f06331dab54cef
dbo.spx_obtenerusopromediomaterialotalarma	7bab9dd15aa762afc7c6bcaba498fef7	e311cd04c3b4a040166a1f3d3d1e00e9
dbo.spx_rutascuadre	3969861d5ee800f47330926b33b0b0ed	8f268cdf0dfba1877ee7c4dc86765d79
dbo.spx_sepuedeeliminartecnico	6a0c666ca772c7c7d7a1ad55ab6f03da	e4049c5ca9210624e37137aa7db8184f
dbo.spx_sepuedehacercierrealmacen	007befa51bafb5c7de12e0dc045e9f15	73873357a4060682dac1090cafcd06e0
dbo.spx_sepuedehacercierrealmacenpr_pd	d0c007c4a3a231bd415dbfc8eebe30b0	9d341db98b07165f00232d8468220fd3
dbo.spx_sepuederegistrarcierrepr_pd	5fc22229afe4c692ee18da57b7a08a69	a932a82339a6909fbbee2f7044517ac9
dbo.spx_traerdatoseriechipidcu_cunr2	7328649f13e9afaa2e01683a70e09b95	8438bd8965e34376f7ea99a1b445c663
dbo.spx_traerdatoseriechipidcu_importaringreso	9910c88584035ff59c7426f3b5fa47b6	c26d0c0c66c3405baa4bf16bb8af53a6
dbo.spx_traerdatoseriechipidcu_otvf	6c362dbfcf04f7c5ee8cd2b49c3f5501	d4e6baea6c7cc16a97641e61c3c6ffa9
dbo.spx_traerserie2	1acecdbfeb38290037e11903077125d4	e365386ee9b6b948a426dcc90df74f7d
dbo.spx_traertiposolicitanteempleado	6196fbb9c4f3a97fb0e3114d15609eaa	a21d3080f01a811c23a7a27bf395b9cb
dbo.spx_traertodossalidastraspaso	31b92b0c7c3dd7c38a698dc42fb1d20e	573ab1d8fd97dc88a2ae7eea0131cf3b
dbo.spx_updatearchivobajaproducto	9544d0898a4e4d2d37f7e6789aab3d4d	f1f9731a00c043c0f2780d9ccbd3a8d4
