dbo	dt_addtosourcecontrol	1	0	0	0	0	1	auth
dbo	dt_addtosourcecontrol_u	1	0	0	0	0	1	auth
dbo	dt_adduserobject	0	1	1	0	0	0	general
dbo	dt_adduserobject_vcs	1	1	1	0	0	0	general
dbo	dt_checkinobject	1	0	0	0	0	1	auth
dbo	dt_checkinobject_u	1	0	0	0	0	1	auth
dbo	dt_checkoutobject	1	1	0	0	0	1	auth
dbo	dt_checkoutobject_u	1	1	0	0	0	1	auth
dbo	dt_displayoaerror	1	0	0	0	0	1	general
dbo	dt_displayoaerror_u	1	0	0	0	0	1	general
dbo	dt_droppropertiesbyid	0	0	0	1	0	0	general
dbo	dt_dropuserobjectbyid	0	0	0	1	0	0	general
dbo	dt_generateansiname	1	0	0	0	0	0	general
dbo	dt_getobjwithprop	1	0	0	0	0	0	general
dbo	dt_getobjwithprop_u	1	0	0	0	0	0	general
dbo	dt_getpropertiesbyid	1	0	0	0	0	0	general
dbo	dt_getpropertiesbyid_u	1	0	0	0	0	0	general
dbo	dt_getpropertiesbyid_vcs	1	0	0	0	0	0	general
dbo	dt_getpropertiesbyid_vcs_u	1	0	0	0	0	0	general
dbo	dt_isundersourcecontrol	1	1	0	0	0	1	auth
dbo	dt_isundersourcecontrol_u	1	1	0	0	0	1	auth
dbo	dt_removefromsourcecontrol	1	0	0	0	0	1	general
dbo	dt_setpropertybyid	1	1	1	0	0	0	general
dbo	dt_setpropertybyid_u	1	1	1	0	0	1	general
dbo	dt_validateloginparams	1	0	0	0	0	1	auth
dbo	dt_validateloginparams_u	1	0	0	0	0	1	auth
dbo	dt_vcsenabled	1	0	0	0	0	1	general
dbo	dt_verstamp006	1	0	0	0	0	0	general
dbo	dt_whocheckedout	1	0	0	0	0	1	auth
dbo	dt_whocheckedout_u	1	0	0	0	0	1	auth
dbo	GenerarBackup	0	0	0	0	0	1	config
dbo	GenerarBackupDiaTS	0	0	0	0	0	1	config
dbo	GenerarBackupTardeTS	0	0	0	0	0	1	config
dbo	ObtenerSalidaAlmacenBol	1	0	0	0	0	0	auth
dbo	prod_PuedeCerrarAlmacen	1	0	0	0	0	0	inventory
dbo	PRU	1	1	1	0	0	1	inventory
dbo	Rtp_TraerDetalleRetiro	1	0	0	0	0	0	general
dbo	sp_actualizarEquipoTecnico	0	0	1	0	0	0	tech
dbo	sp_alterdiagram	1	0	1	0	0	1	general
dbo	sp_BorrarLog	0	0	0	0	0	0	general
dbo	sp_BuscarSerieIngresoAlmacen	1	0	0	0	0	0	auth
dbo	sp_CrearProductoEnSaldoTarjetaHerramientas	1	1	0	1	0	0	inventory
dbo	sp_CrearProductoEnSaldoTarjetaVendedor	1	1	0	1	0	0	inventory
dbo	sp_creatediagram	1	1	0	0	0	1	general
dbo	sp_dropdiagram	1	0	0	1	0	1	general
dbo	sp_Eliminar_AlmacenHerramientasPedidoHerramientas_ModificarSaldoHerramientas_X_Id_PedidoHerramientas	1	0	1	0	0	0	inventory
dbo	sp_Eliminar_AlmacenVendedor_PedidoVendedor_ModificarSaldoTarjeta_X_Id_PedidoVendedor	1	0	1	0	0	0	inventory
dbo	sp_EliminarCuadre_ModificarSaldoTarjeta_X_Id_Cuadre	1	1	1	0	0	0	inventory
dbo	sp_Existe_CierreAlmacenLocal	1	0	0	0	0	0	inventory
dbo	sp_ExisteCierreAlmacen	1	0	0	0	0	0	inventory
dbo	sp_ExisteCierreAlmacenHerramientas	1	0	0	0	0	0	inventory
dbo	sp_ExisteCierreAlmacenPRPD	1	0	0	0	0	0	inventory
dbo	sp_helpdiagramdefinition	1	0	0	0	0	1	general
dbo	sp_helpdiagrams	1	0	0	0	0	1	auth
dbo	sp_ModificarOT_OTRealizada	0	0	1	0	0	0	general
dbo	sp_ObtenerAlmacenHerramientas_X_ID	1	0	0	0	0	0	auth
dbo	sp_ObtenerAlmacenVendedor_X_ID	1	0	0	0	0	0	auth
dbo	sp_ObtenerAlmacenVendedorLocal	1	0	0	0	0	0	auth
dbo	sp_ObtenerBitacoraLocal	1	0	0	0	0	0	auth
dbo	sp_ObtenerCierreAlmacen	1	1	1	1	0	0	sync
dbo	sp_ObtenerCierreAlmacen_Prueba	1	1	1	1	0	0	inventory
dbo	sp_ObtenerCierreAlmacen_X_Fecha	1	0	0	0	0	0	inventory
dbo	sp_ObtenerCierreAlmacenDetalladasLocal	1	0	0	0	0	0	auth
dbo	sp_ObtenerCierreAlmacenHerramientas	1	1	1	1	0	0	inventory
dbo	sp_ObtenerCierreAlmacenPR_PD	1	1	1	1	0	0	sync
dbo	sp_ObtenerCierreAlmacenPR_PD_PSaldos	1	1	1	1	0	0	sync
dbo	sp_ObtenerCierreAlmacenPR_PDLocal	1	0	0	0	0	0	auth
dbo	sp_ObtenerCodigoDevolucion	1	0	0	0	0	0	inventory
dbo	sp_ObtenerCodigoDevolucionHerramientas	1	0	0	0	0	0	inventory
dbo	sp_ObtenerCuadre_X_Fecha	1	0	0	0	0	0	inventory
dbo	sp_ObtenerCuadreLocal	1	0	0	0	0	0	auth
dbo	sp_ObtenerDatosCliente	1	0	0	0	0	0	customer
dbo	sp_ObtenerDecodificadores	1	0	0	0	0	0	inventory
dbo	sp_ObtenerDecodificadoresPVSeriales	1	0	0	0	0	0	inventory
dbo	sp_ObtenerDetalleAlmacenHerramientas_X_ID	1	0	0	0	0	0	inventory
dbo	sp_ObtenerDetalleAlmacenVendedor_X_ID	1	0	0	0	0	0	inventory
dbo	sp_ObtenerDetalleAlmacenVendedor_X_IDPedidoVendedor	1	0	0	0	0	0	inventory
dbo	sp_ObtenerDetalleCuadre	1	0	0	0	0	0	inventory
dbo	sp_ObtenerDetalleEntregaAlmacenOtros_X_ID	1	0	0	0	0	0	inventory
dbo	sp_ObtenerDetalleIngresoAlmacen	1	0	0	0	0	0	inventory
dbo	sp_ObtenerDetalleIngresoAlmacenHerramientas	1	0	0	0	0	0	inventory
dbo	sp_ObtenerDetallePedidoHerramientas_X_ID	1	0	0	0	0	0	inventory
dbo	sp_ObtenerDetallePedidoVendedor_X_ID	1	0	0	0	0	0	inventory
dbo	sp_ObtenerDetalleVenta_CargoUsuario_X_ID	1	0	0	0	0	0	auth
dbo	sp_ObtenerDetalleVenta_Excedente_X_ID	1	0	0	0	0	0	inventory
dbo	sp_ObtenerDetalleVenta_Instalado_X_ID	1	0	0	0	0	0	inventory
dbo	sp_ObtenerDetalleVenta_Retirado_X_ID	1	0	0	0	0	0	inventory
dbo	sp_ObtenerDevolucion	1	0	0	0	0	0	auth
dbo	sp_ObtenerDevolucionHerramientas	1	0	0	0	0	0	auth
dbo	sp_ObtenerEntregaAlmacenOtros_X_ID	1	0	0	0	0	0	auth
dbo	sp_ObtenerEstado	1	0	0	0	0	0	general
dbo	sp_ObtenerIdTipoServicioVerificar	1	0	0	0	0	0	general
dbo	sp_ObtenerIngresoAlmacen	1	0	0	0	0	0	auth
dbo	sp_ObtenerIngresoAlmacen_E18	1	0	0	0	0	0	auth
dbo	sp_ObtenerIngresoAlmacenBol	1	0	0	0	0	0	auth
dbo	sp_ObtenerIngresoAlmacenHerramienta	1	0	0	0	0	0	auth
dbo	sp_ObtenerIngresoAlmacenLocal	1	0	0	0	0	0	auth
dbo	sp_ObtenerKitDecodificadores	1	0	0	0	0	0	inventory
dbo	sp_ObtenerListaDevolucion	1	0	0	0	0	0	auth
dbo	sp_ObtenerListaDevolucion_RangoFecha	1	0	0	0	0	0	auth
dbo	sp_ObtenerListaDevolucionHerramientas	1	0	0	0	0	0	auth
dbo	sp_ObtenerListaDevolucionHerramientas_RangoFecha	1	0	0	0	0	0	auth
dbo	sp_ObtenerListadoSucursal	1	0	0	0	0	0	general
dbo	sp_ObtenerListaIngresoAlmacen	1	0	0	0	0	0	auth
dbo	sp_ObtenerListaIngresoAlmacen_Devolucion	1	0	0	0	0	0	auth
dbo	sp_ObtenerListaIngresoAlmacen_RangoFecha	1	0	0	0	0	0	auth
dbo	sp_ObtenerListaIngresoAlmacenHerra_RangoFecha	1	0	0	0	0	0	auth
dbo	sp_ObtenerListaIngresoAlmacenHerramienta	1	0	0	0	0	0	auth
dbo	sp_ObtenerListaIngresoAlmacenMET_RangoFecha	1	0	0	0	0	0	auth
dbo	sp_ObtenerListaOrdenesTrabajo	1	0	0	0	0	0	auth
dbo	sp_ObtenerListaOrdenesTrabajoRFechas	1	0	0	0	0	0	auth
dbo	sp_ObtenerListaTipoDevolucion	1	0	0	0	0	0	general
dbo	sp_ObtenerNotasDeVenta	1	1	1	1	0	1	inventory
dbo	sp_ObtenerOrdenesDetalladasLocal	1	0	0	0	0	0	auth
dbo	sp_ObtenerOrdenTrabajo_X_FechaRegistro	1	0	0	0	0	0	customer
dbo	sp_ObtenerOrdenTrabajo_X_Id_Venta	1	0	0	0	0	1	order
dbo	sp_ObtenerOrdenTrabajo_X_Numero	1	0	0	0	0	0	auth
dbo	sp_ObtenerPasswordEncriptado	1	0	0	0	0	0	auth
dbo	sp_ObtenerPedidoHerramientas	1	0	0	0	0	0	order
dbo	sp_ObtenerPedidoHerramientas_X_ID	1	0	0	0	0	0	auth
dbo	sp_ObtenerPedidoVendedor	1	0	0	0	0	0	order
dbo	sp_ObtenerPedidoVendedor_X_ID	1	0	0	0	0	0	auth
dbo	sp_ObtenerProductoAgrupado	1	1	0	0	0	0	inventory
dbo	sp_ObtenerProductoLocal	1	0	0	0	0	0	inventory
dbo	sp_ObtenerPromedioUsoMateriales	1	0	0	0	0	0	inventory
dbo	sp_ObtenerSaldoAlmacen_y_SaldoRetiro_X_Fecha	1	1	0	0	0	0	inventory
dbo	sp_ObtenerSaldoCodigoCuadre	1	1	1	0	0	1	inventory
dbo	sp_ObtenerSaldoCuadre	1	0	0	0	0	0	inventory
dbo	sp_ObtenerSaldoPedido	1	1	1	1	0	1	inventory
dbo	sp_ObtenerSalidaAlmacenBol	1	0	0	0	0	0	auth
dbo	sp_ObtenerSobrante	1	1	1	1	0	1	inventory
dbo	sp_ObtenerTipoGrupo	1	1	0	0	0	0	general
dbo	sp_ObtenerTipoMaterial	1	0	0	0	0	0	general
dbo	sp_ObtenerVenta	1	0	0	0	0	0	order
dbo	sp_ObtenerVentaXID	1	0	0	0	0	0	auth
dbo	sp_Producto_Treeview	1	0	0	0	0	0	inventory
dbo	sp_renamediagram	1	0	1	0	0	1	general
dbo	sp_TraerCierreAlmacen	1	0	0	0	0	0	auth
dbo	sp_TraerCierreAlmacen_xID	1	0	0	0	0	0	auth
dbo	sp_TraerCierreAlmacen_xRangoFecha	1	0	0	0	0	0	auth
dbo	sp_TraerCierreAlmacenHerramientas	1	0	0	0	0	0	auth
dbo	sp_TraerCierreAlmacenPRPD	1	0	0	0	0	0	auth
dbo	sp_TraerCierreAlmacenPRPD_xId	1	0	0	0	0	0	auth
dbo	sp_TraerCodigoCierreAlmacen	1	0	0	0	0	0	inventory
dbo	sp_TraerCodigoCierreAlmacenHerramientas	1	0	0	0	0	0	inventory
dbo	sp_TraerCuadre	1	0	0	0	0	0	auth
dbo	sp_TraerEntregasVendedorCierreAlmacen	1	0	0	0	0	0	inventory
dbo	sp_TraerIngresosAlmacenCierreAlmacen	1	0	0	0	0	0	inventory
dbo	sp_TraerIngresosDiaHoy	1	0	0	0	0	0	general
dbo	sp_TraerIngresosHerramientasDiaHoy	1	0	0	0	0	0	general
dbo	sp_TraerRutasNoCuadradas	1	0	0	0	0	0	inventory
dbo	sp_TraerSaldoCierreAlmacen	1	0	0	0	0	0	inventory
dbo	sp_TraerSaldoHerramientasVendedor	1	0	0	0	0	0	inventory
dbo	sp_TraerSaldoTarjetasRuta	1	0	0	0	0	0	inventory
dbo	sp_TraerSucursal	1	0	0	0	0	0	general
dbo	sp_TraerTodasLasRuta	1	0	0	0	0	0	general
dbo	sp_TraerTodasLasRutaPDevolucion	1	0	0	0	0	0	general
dbo	sp_TraerTodasVenta	1	0	0	0	0	0	order
dbo	sp_TraerTodosAlmacenEntregadoOtrosHoy	1	0	0	0	0	0	inventory
dbo	sp_TraerTodosAlmacenEntregadosHoy	1	0	0	0	0	0	inventory
dbo	sp_TraerTodosAlmacenEntregadosRangoFechas	1	0	0	0	0	0	inventory
dbo	sp_TraerTodosIngresos_RangoFecha	1	0	0	0	0	0	auth
dbo	sp_TraerTodosIngresos_RangoFecha_E18	1	0	0	0	0	0	auth
dbo	sp_TraerTodosIngresosMET_RangoFecha	1	0	0	0	0	0	auth
dbo	sp_TraerTodosLosCuadres	1	0	0	0	0	0	general
dbo	sp_TraerTodosLosCuadres_RangoFecha	1	0	0	0	0	0	general
dbo	sp_TraerTodosLosProductosMascara	1	0	0	0	0	0	inventory
dbo	sp_TraerTodosLosProductosMascaraHerramientas	1	0	0	0	0	0	inventory
dbo	sp_TraerVentaDiaRuta	1	0	0	0	0	0	inventory
dbo	sp_TraerVentaDiaRuta_CantOt	1	0	0	0	0	0	order
dbo	sp_upgraddiagrams	1	1	0	0	0	0	general
dbo	sp_VentasExcedente	1	1	1	0	0	1	inventory
dbo	sp_VentasExcedenteCopia	1	1	1	0	0	1	inventory
dbo	sp_VentasInstalado	1	1	1	0	0	1	inventory
dbo	sp_VentasInstalado_cOPIA	1	1	1	0	0	1	inventory
dbo	sp_VentasInstalado1	1	1	1	0	0	1	inventory
dbo	sp_VentasRetirado	1	1	1	0	0	1	inventory
dbo	sp_VentasRetiradoCopia	1	1	1	0	0	1	inventory
dbo	spb_ObtenerProductos	1	0	0	0	0	0	inventory
dbo	spb_ObtenerProductos2	1	0	0	0	0	0	inventory
dbo	spb_SaldoRutasCantidad	1	0	0	0	0	0	inventory
dbo	spb_SaldoRutasCantidad_X_Producto	1	0	0	0	0	0	inventory
dbo	spb_SaldoRutasCantidad_X_Ruta	1	0	0	0	0	0	inventory
dbo	spr_BuscarImei	1	0	0	0	0	0	inventory
dbo	spr_CrearSadoTarjetasRutas	1	1	0	1	0	0	inventory
dbo	spr_ObtenerOrdenTrabajo	1	0	0	0	0	0	auth
dbo	spr_TraerVendedores	1	0	0	0	0	0	general
dbo	spr_TraerVendedores_x_FormTecnico	1	0	0	0	0	0	tech
dbo	spr_TraerVendedoresAlmaceneros	1	0	0	0	0	0	inventory
dbo	spr_TraerVendedoresHerramientas	1	0	0	0	0	0	general
dbo	spr_TraerVendedoresSocioEmbajador	1	0	0	0	0	0	general
dbo	spx_Actualizacion_tbl_BajaProductoControlEnvio	1	1	1	0	0	0	inventory
dbo	spx_Actualizacion_tbl_ProductoControlEnvio	1	1	1	0	0	0	inventory
dbo	spx_BorrarRegistroPromedioUsoMaterial	0	0	1	0	0	0	general
dbo	spx_BuscarSerialCargoUsuario	1	0	0	0	0	0	auth
dbo	spx_BusquedaSerieChipID	1	0	0	0	0	0	general
dbo	spx_CargarDatosFaltanteE18	1	1	1	1	0	0	general
dbo	spx_CargarRutaSegunEstado	1	0	0	0	0	0	general
dbo	spx_CrearProducto	0	1	0	0	0	1	auth
dbo	spx_CrearProductoEnSaldoAlmacenProductos	1	1	0	0	0	0	inventory
dbo	spx_DarBajaUsuario	0	0	1	0	0	0	auth
dbo	spx_DarDeBajaCorreccionErrores	0	0	1	0	0	0	general
dbo	spx_EliminarBajaProductos	0	0	1	0	0	0	inventory
dbo	spx_EliminarBajaProductosPendiente	0	0	1	0	0	0	inventory
dbo	spx_EliminarCierreAlmacen	0	0	1	0	0	0	inventory
dbo	spx_EliminarCierreAlmacenPR_PD	0	0	1	0	0	0	inventory
dbo	spx_EliminarCodigoUsuario_Venta	1	0	1	0	0	0	auth
dbo	spx_EliminarDetalleDevolucionTigoPendiente	0	0	1	0	0	0	general
dbo	spx_eliminarDevolucionTigoPendiente	0	0	1	0	0	0	general
dbo	spx_EliminarIngresoMaterialTigo	0	0	1	0	0	0	auth
dbo	spx_EliminarMenu_usuario	0	0	1	0	0	0	auth
dbo	spx_EliminarRol	0	0	1	0	0	0	general
dbo	spx_eliminarSalidaTraspasoPendiente	0	0	1	0	0	0	general
dbo	spx_EliminarTecnico	0	0	1	0	0	0	tech
dbo	spx_EstadosNoPermitidosCambioNombre	1	0	0	0	0	0	inventory
dbo	spx_EstadosPermitidosCambioNombreCU	1	0	0	0	0	0	inventory
dbo	spx_ExisteCierreAlmacenHoy	1	1	0	0	0	1	inventory
dbo	spx_ExisteCierreAlmacenHoyPR_PD	1	1	0	0	0	1	inventory
dbo	spx_ExisteDatoCorreccionErrores	1	0	0	0	0	0	general
dbo	spx_ExisteDatoDescuentoDTHPrepagoAntesBaja	1	0	0	0	0	0	billing
dbo	spx_ExisteNomenclador	1	0	0	0	0	0	inventory
dbo	spx_ExisteNomencladorModificar	1	0	0	0	0	0	inventory
dbo	spx_ExisteOrdenRegistrada	1	0	0	0	0	0	general
dbo	spx_ExisteProducto	1	0	0	0	0	0	inventory
dbo	spx_ExisteProductoEnNacional	1	0	0	0	0	0	inventory
dbo	spx_ExisteTecnico	1	0	0	0	0	0	tech
dbo	spx_ExportarDatosConfirmados	1	0	0	0	0	0	sync
dbo	spx_ExportarDatosDevueltosATigo	1	0	0	0	0	0	sync
dbo	spx_getArchivo	1	0	0	0	0	0	inventory
dbo	spx_getMaterialDevueltoTigo	1	0	0	0	0	0	inventory
dbo	spx_getMaterialDevueltoTigoPendiente	1	0	0	0	0	0	inventory
dbo	spx_getMaterialDevueltoTigoPendienteSAgrupar	1	0	0	0	0	0	inventory
dbo	spx_getMaterialDevueltoTigoSAgrupar	1	0	0	0	0	0	inventory
dbo	spx_getMaterialPreIngresado	1	0	0	0	0	0	inventory
dbo	spx_GetProductoExcedenteRuta	1	0	0	0	0	0	inventory
dbo	spx_HayDatosPendientesPEnviar	1	0	0	0	0	0	inventory
dbo	spx_HayDatosPendientesPEnviar_XIdSucursal	1	0	0	0	0	0	inventory
dbo	spx_ImportFromExcel03	1	1	0	0	0	1	sync
dbo	spx_ImportFromExcel07	1	1	0	0	0	1	sync
dbo	spx_ListaCorreccionErrores	1	0	0	0	0	0	general
dbo	spx_ListadoBajasProductos	1	0	0	0	0	0	auth
dbo	spx_ListadoDescuentosDTHPrepagoAntesBaja	1	0	0	0	0	0	billing
dbo	spx_ListadoProducto	1	0	0	0	0	0	sync
dbo	spx_ListadoPromedioUsoMateriales	1	0	0	0	0	0	inventory
dbo	spx_ModIdIngresoMaterialTigo	0	1	1	0	0	0	general
dbo	spx_ModificarAnticipo_BajaProductos	0	0	1	0	0	0	auth
dbo	spx_ModificarAnticipoPago_BajaCUNR	0	0	1	0	0	0	auth
dbo	spx_ModificarBajaProductosPendienteRegistrado	0	0	1	0	0	0	auth
dbo	spx_ModificarContraseña	0	1	1	0	0	0	auth
dbo	spx_ModificarDatosVendedor	0	0	1	0	0	0	general
dbo	spx_ModificarDescuentoDTHPrepago	0	0	1	0	0	0	billing
dbo	spx_ModificarDescuentoPdaInstaladores	0	0	1	0	0	0	general
dbo	spx_ModificarDevolucionTigoPendienteEntregado	0	0	1	0	0	0	auth
dbo	spx_ModificarEstadoCierrePRPD_Cierre	0	0	1	0	0	0	general
dbo	spx_ModificarEstadoEnviado	0	0	1	0	0	0	inventory
dbo	spx_ModificarIdEstado	0	0	1	0	0	0	inventory
dbo	spx_ModificarNombreProductoC4	1	0	1	0	0	0	inventory
dbo	spx_ModificarObservacionEjecutados	0	0	1	0	0	0	auth
dbo	spx_ModificarObservacionProgramados	0	0	1	0	0	0	auth
dbo	spx_ModificarOrdenTrabajoFecha	1	0	1	0	0	0	auth
dbo	spx_ModificarProducto	1	1	1	0	0	1	auth
dbo	spx_ModificarProductoNacionalDelLocal	1	1	1	0	0	0	inventory
dbo	spx_ModificarSalidaTraspasoPendienteRegistrado	0	0	1	0	0	0	auth
dbo	spx_ModificarSeHizoE18_BajaProductos	0	0	1	0	0	0	inventory
dbo	spx_ModificarSeHizoE18_BajaProductosDeSucursal	0	0	1	0	0	0	inventory
dbo	spx_ModificarSerialChipId_Anterior	1	1	1	0	0	0	auth
dbo	spx_ModificarSerialChipId_CE_CNE_c1	1	1	1	0	0	0	auth
dbo	spx_ModificarSerialChipId_E3_E2_c2	1	1	1	0	0	0	auth
dbo	spx_ModificarSerialChipId_E411_E3_c3	1	1	1	0	0	0	auth
dbo	spx_ModificarUsuarioSucursal	0	0	1	0	0	0	auth
dbo	spx_Obtener_BajaProductosNacional	1	0	0	0	0	0	inventory
dbo	spx_Obtener_CasosCorrecionErrores	1	0	0	0	0	0	general
dbo	spx_ObtenerAnticiposEmpleado	1	0	0	0	0	0	auth
dbo	spx_ObtenerBajaProductos	1	0	0	0	0	0	auth
dbo	spx_ObtenerBajaProductosNacional_xID	1	0	0	0	0	0	inventory
dbo	spx_ObtenerBajaProductosPendiente	1	0	0	0	0	0	auth
dbo	spx_ObtenerCantidadIngresos	1	0	0	0	0	0	general
dbo	spx_ObtenerCargoUsuario_XIDVenta	1	0	0	0	0	0	auth
dbo	spx_ObtenerCargoUsuarioNoRealizado_ID	1	0	0	0	0	0	auth
dbo	spx_ObtenerCargoUsuarioNoRealizado_Listado	1	0	0	0	0	0	auth
dbo	spx_ObtenerCierreAlmacen_PSaldos	1	1	1	1	0	0	sync
dbo	spx_ObtenerContraseñasAntiguas	1	0	0	0	0	0	auth
dbo	spx_ObtenerContraseñaUsuario	1	0	0	0	0	0	auth
dbo	spx_ObtenerCorrecionErrores_XID	1	0	0	0	0	0	general
dbo	spx_ObtenerCorreosBackOffice	1	0	0	0	0	0	general
dbo	spx_ObtenerCorreosPEnviar	1	0	0	0	0	0	auth
dbo	spx_ObtenerDatoEmbajadoresBDComision	1	0	0	0	0	0	general
dbo	spx_ObtenerDatoEmbajadoresBDComisionXSucursal	1	0	0	0	0	0	general
dbo	spx_ObtenerDatoEmpleadoBDBoletasMakiro	1	0	0	0	0	0	general
dbo	spx_ObtenerDatoEmpleadoBDBoletasMakiroXSucursal	1	0	0	0	0	0	general
dbo	spx_ObtenerDatosParaEjecucion	1	0	0	0	0	0	customer
dbo	spx_ObtenerDatosParaProgramacion	1	0	0	0	0	0	customer
dbo	spx_ObtenerDatosProductoControlEnvio	1	0	0	0	0	0	inventory
dbo	spx_ObtenerDatosTipoTrabajo	1	0	0	0	0	0	general
dbo	spx_ObtenerDatosUsuario	1	0	0	0	0	0	auth
dbo	spx_ObtenerDeudaBajasReporte	1	0	0	0	0	0	report
dbo	spx_ObtenerDeudaCUNRReporte	1	0	0	0	0	0	report
dbo	spx_ObtenerDeudasPEvaluaciones	1	0	0	0	0	0	general
dbo	spx_ObtenerDevolucionTigoPendiente	1	0	0	0	0	0	auth
dbo	spx_ObtenerEntidadBancaria	1	0	0	0	0	0	general
dbo	spx_ObtenerEstadoProducto	1	0	0	0	0	0	inventory
dbo	spx_ObtenerEstadoProductoBP	1	0	0	0	0	0	inventory
dbo	spx_ObtenerEstadoProductoBP_RetNoEntregado	1	0	0	0	0	0	inventory
dbo	spx_ObtenerEstadoProductoTA	1	0	0	0	0	0	inventory
dbo	spx_ObtenerEstadoProductoXSerial	1	0	0	0	0	0	inventory
dbo	spx_ObtenerEstadoSiguiente	1	0	0	0	0	0	inventory
dbo	spx_ObtenerFechaActual	1	0	0	0	0	0	general
dbo	spx_ObtenerFormaDePago	1	0	0	0	0	0	billing
dbo	spx_ObtenerIngresoDetMaterialTigo_xId	1	0	0	0	0	0	auth
dbo	spx_ObtenerIngresoMaterialTigo	1	0	0	0	0	0	inventory
dbo	spx_ObtenerListaCierresAlmacen	1	0	0	0	0	0	auth
dbo	spx_ObtenerListaCU	1	0	0	0	0	0	auth
dbo	spx_ObtenerListadoSucursalXUsuario	1	0	0	0	0	0	auth
dbo	spx_ObtenerListaIngresoAlmacen_Devolucion	1	0	0	0	0	0	auth
dbo	spx_ObtenerListaIngresoAlmacen_E18	1	0	0	0	0	0	auth
dbo	spx_ObtenerListaIngresoAlmacenPedidos	1	0	0	0	0	0	auth
dbo	spx_ObtenerListaRol	1	0	0	0	0	0	general
dbo	spx_ObtenerListaUsuario	1	0	0	0	0	0	auth
dbo	spx_ObtenerMenu_X_IdRol	1	0	0	0	0	0	general
dbo	spx_ObtenerMenuRolXIdRol	1	0	0	0	0	0	general
dbo	spx_ObtenerMenuXUsuario	1	0	0	0	0	0	auth
dbo	spx_ObtenerNombre_Rol	1	0	0	0	0	0	general
dbo	spx_ObtenerNomencladores	1	0	0	0	0	0	inventory
dbo	spx_ObtenerOrdeTrabajoCompletaXID	1	0	0	0	0	0	auth
dbo	spx_ObtenerPedidoVendedorRFechas	1	0	0	0	0	0	order
dbo	spx_ObtenerProductosConSerie	1	0	0	0	0	0	inventory
dbo	spx_ObtenerProductosConSerieSinTarjeta	1	0	0	0	0	0	inventory
dbo	spx_ObtenerProductosDatosXRuta	1	0	0	0	0	0	inventory
dbo	spx_ObtenerProductosNoEntregadosOT	1	0	0	0	0	0	inventory
dbo	spx_ObtenerProductosPCargoUsuario	1	0	0	0	0	0	auth
dbo	spx_ObtenerProductosPendientesEntrega	1	1	0	0	0	0	inventory
dbo	spx_ObtenerRutaXIdTecnico	1	0	0	0	0	0	tech
dbo	spx_ObtenerSaldoRuta	1	1	1	0	0	1	inventory
dbo	spx_ObtenerSaldoRuta_CierreAlmacen	1	1	0	0	0	1	inventory
dbo	spx_ObtenerSalidaTraspaso	1	0	0	0	0	0	auth
dbo	spx_ObtenerSalidaTraspasoPendiente	1	0	0	0	0	0	auth
dbo	spx_ObtenerSucursal	1	0	0	0	0	0	general
dbo	spx_ObtenerSucursalesConexion	1	0	0	0	0	0	order
dbo	spx_ObtenerSucursalTodos	1	0	0	0	0	0	general
dbo	spx_ObtenerTablaProcedimientos	1	0	0	0	0	0	general
dbo	spx_ObtenerTecnicosEnRuta	1	0	0	0	0	0	tech
dbo	spx_ObtenerTipoBajaProductosPendiente	1	0	0	0	0	0	inventory
dbo	spx_ObtenerTipoCobroBaja	1	0	0	0	0	0	billing
dbo	spx_ObtenerTipoDatosXTabla	1	0	0	0	0	0	general
dbo	spx_ObtenerTipoProducto	1	0	0	0	0	0	inventory
dbo	spx_ObtenerTipoServicio	1	0	0	0	0	0	general
dbo	spx_ObtenerTipoServicioCUNR	1	0	0	0	0	0	general
dbo	spx_ObtenerTodasRuta	1	0	0	0	0	0	general
dbo	spx_ObtenerTodosLosBajasXRangoFechas	1	0	0	0	0	0	auth
dbo	spx_ObtenerTodosLosCierresXRangoFechas	1	0	0	0	0	0	auth
dbo	spx_ObtenerTodosLosCuadreXRangoFechas	1	0	0	0	0	0	auth
dbo	spx_ObtenerTodosLosDevolucionXRangoFechas	1	0	0	0	0	0	auth
dbo	spx_ObtenerTodosLosIngresosMaterialTigoXRangoFechas	1	0	0	0	0	0	auth
dbo	spx_ObtenerTodosLosIngresosXRangoFechas	1	0	0	0	0	0	auth
dbo	spx_ObtenerTodosLosOrdenesTrabajoXRangoFechas	1	0	0	0	0	0	auth
dbo	spx_ObtenerTodosLosTraspasosXRangoFechas	1	0	0	0	0	0	auth
dbo	spx_ObtenerTodosRol	1	0	0	0	0	0	general
dbo	spx_ObtenerUsoPromedioMaterialOT	1	1	1	0	0	0	auth
dbo	spx_ObtenerUsoPromedioMaterialOTAlarma	1	1	1	0	0	0	inventory
dbo	spx_obtenerUsuarioCNR	1	0	0	0	0	0	auth
dbo	spx_ObtenerUsuarioSucursal	1	0	0	0	0	0	auth
dbo	spx_ObtenerVersionActual	1	0	0	0	0	0	general
dbo	spx_ObtenerVersionCentral_tblSucrusal	1	0	0	0	0	0	general
dbo	spx_QuitarPendienteRecojo	0	0	1	0	0	0	general
dbo	spx_rechazarProductoDevuelvo	1	1	1	0	0	0	auth
dbo	spx_rechazarProductoDevuelvoTigoPendiente	1	0	1	0	0	0	auth
dbo	spx_RegistrarProductosSaldos	1	1	0	0	0	0	inventory
dbo	spx_RegMod_Productos	1	1	1	0	0	0	auth
dbo	spx_ResponderCorrecionErrores	0	0	1	0	0	0	auth
dbo	spx_rutasCuadre	1	1	1	0	0	0	general
dbo	spx_SePuedeBorrarIngresoMaterialTigo	1	0	0	0	0	0	general
dbo	spx_SePuedeCrearGrupo	1	0	0	0	0	0	general
dbo	spx_SePuedeEliminarProducto	1	1	0	0	0	0	inventory
dbo	spx_SePuedeEliminarRuta	1	0	0	0	0	0	inventory
dbo	spx_SePuedeEliminarTecnico	1	0	0	0	0	0	tech
dbo	spx_SePuedeHacerCierreAlmacen	1	1	0	0	0	1	inventory
dbo	spx_SePuedeHacerCierreAlmacenPR_PD	1	1	0	0	0	1	inventory
dbo	spx_SePuedeModificarOrdenTrabajo	1	1	0	0	0	0	inventory
dbo	spx_SePuedePBaja_E18	1	1	0	0	0	0	inventory
dbo	spx_SePuedePBaja_E18SC	1	1	0	0	0	0	inventory
dbo	spx_SePuedeRegistrarCierrePR_PD	1	1	0	0	0	0	general
dbo	spx_sp_ObtenerListadoTipoServicioTSTablas	1	0	0	0	0	0	general
dbo	spx_TipoDevolucion_Dañado	1	0	0	0	0	0	general
dbo	spx_TipoDevolucion_ExcedenteDanado	1	0	0	0	0	0	general
dbo	spx_TipoDevolucion_ExcRuta	1	0	0	0	0	0	general
dbo	spx_TraerChipID	1	0	0	0	0	0	inventory
dbo	spx_TraerChipID2	1	0	0	0	0	0	inventory
dbo	spx_TraerChipID2_vacio	1	0	0	0	0	0	inventory
dbo	spx_TraerDatoSerieChipIdCU	1	1	0	0	0	0	inventory
dbo	spx_TraerDatoSerieChipIdCU_CUNR2	1	1	0	0	0	0	inventory
dbo	spx_TraerDatoSerieChipIdCU_ImportarIngreso	1	1	0	0	0	0	sync
dbo	spx_TraerDatoSerieChipIdCU_OT	1	1	0	0	0	0	inventory
dbo	spx_TraerDatoSerieChipIdCU_OT_OTProductoBaja	1	1	0	0	0	0	inventory
dbo	spx_TraerDatoSerieChipIdCU_OTVF	1	1	0	1	0	0	inventory
dbo	spx_TraerDatoSerieChipIdCU_OTVF_OTProductoBaja	1	1	0	1	0	0	inventory
dbo	spx_TraerProductoUniversoE18	1	0	0	0	0	0	inventory
dbo	spx_TraerSerie2	1	0	0	0	0	0	inventory
dbo	spx_TraerTipoSolicitante	1	0	0	0	0	0	general
dbo	spx_TraerTipoSolicitanteEmpleado	1	0	0	0	0	0	general
dbo	spx_TraerTipoSolicitanteSociosEmbajador	1	0	0	0	0	0	general
dbo	spx_TraerTipoUsuario	1	0	0	0	0	0	auth
dbo	spx_TraerTodosBajasProductos	1	0	0	0	0	0	auth
dbo	spx_TraerTodosBajasProductos_Cobro	1	0	0	0	0	0	auth
dbo	spx_TraerTodosBajasProductosHoy	1	0	0	0	0	0	inventory
dbo	spx_TraerTodosBajasProductosRangoFechas	1	0	0	0	0	0	auth
dbo	spx_TraerTodosSalidasTraspaso	1	0	0	0	0	0	auth
dbo	spx_TraerTodosSalidasTraspasoHoy	1	0	0	0	0	0	auth
dbo	spx_TraerTodosSalidasTraspasoRangoFechas	1	0	0	0	0	0	auth
dbo	spx_TraerTodosVendedores	1	0	0	0	0	0	general
dbo	spx_Trazabilidad	1	0	0	0	0	0	auth
dbo	spx_Trazabilidad_X_SerialChipId	1	0	0	0	0	0	auth
dbo	spx_updateArchivoBajaProducto	0	0	1	0	0	0	inventory
dbo	spx_updateArchivoLlamadaAtencion	1	0	1	0	0	0	general
dbo	spx_updateDevolucion	0	0	1	0	0	0	general
dbo	spx_ValidaMovimientos	1	1	0	0	0	0	inventory
dbo	spx_ValidaMovimientosSCierre	1	1	0	0	0	0	inventory
dbo	spx_ValidarCuadreRuta	1	0	0	0	0	0	general
dbo	spx_VerificarEstadoSerie	1	1	1	0	0	0	inventory
dbo	spx_VerificarEstadoSerieAntesAccion3	1	1	0	0	0	0	inventory
dbo	spx_VerificarEstadoSerieOriginal	1	1	0	0	0	0	inventory
dbo	spy_Obtener_Campos_Tabla	1	0	0	0	0	0	general
dbo	spy_Obtener_LlavePrimaria_Tabla	1	0	0	0	0	0	general
dbo	spy_Obtener_Tablas	1	0	0	0	0	0	general
dbo	spy_OrdenesCamiri	1	1	0	0	0	0	inventory
dbo	spy_OrdenesChiquitania	1	1	0	0	0	0	inventory
dbo	spy_OrdenesCobija	1	1	0	0	0	0	inventory
dbo	spy_OrdenesCTrinidad	1	1	0	0	0	0	inventory
dbo	spy_OrdenesIvirgarzama	1	1	0	0	0	0	inventory
dbo	spy_OrdenesMontero	1	1	0	0	0	0	inventory
dbo	spy_OrdenesPtoSuarez	1	1	0	0	0	0	inventory
dbo	spy_OrdenesRiberalta	1	1	0	0	0	0	inventory
dbo	spy_OrdenesSanIgnacio	1	1	0	0	0	0	inventory
dbo	spy_OrdenesSC	1	1	0	0	0	0	inventory
dbo	spy_OrdenesSucre	1	1	0	0	0	0	inventory
dbo	spy_OrdenesTarija	1	1	0	0	0	0	inventory
dbo	spy_OrdenesYacuiba	1	1	0	0	0	0	inventory
dbo	spy_OrdenesYapacani	1	1	0	0	0	0	inventory
dbo	spz_ObtenerTodosLosBajasXRangoFechas	1	0	0	0	0	0	auth
dbo	spz_ObtenerTodosLosCierresXRangoFechas	1	0	0	0	0	0	auth
dbo	spz_ObtenerTodosLosCuadreXRangoFechas	1	0	0	0	0	0	auth
dbo	spz_ObtenerTodosLosDevolucionXRangoFechas	1	0	0	0	0	0	auth
dbo	spz_ObtenerTodosLosEntregasXRangoFechas	1	0	0	0	0	0	auth
dbo	spz_ObtenerTodosLosIngresosXRangoFechas	1	0	0	0	0	0	auth
dbo	spz_ObtenerTodosLosOrdenesTrabajoXRangoFechas	1	0	0	0	0	0	auth
dbo	spz_ObtenerTodosLosTraspasosXRangoFechas	1	0	0	0	0	0	auth
dbo	spzz_ObtenerTodosLosBajasXRangoFechas	1	0	0	0	0	1	general
dbo	spzz_ObtenerTodosLosCierresXRangoFechas	1	0	0	0	0	1	general
dbo	spzz_ObtenerTodosLosCuadreXRangoFechas	1	0	0	0	0	1	general
dbo	spzz_ObtenerTodosLosDevolucionXRangoFechas	1	0	0	0	0	1	general
dbo	spzz_ObtenerTodosLosEntregasXRangoFechas	1	0	0	0	0	1	general
dbo	spzz_ObtenerTodosLosIngresosXRangoFechas	1	0	0	0	0	1	general
dbo	spzz_ObtenerTodosLosOrdenesTrabajoXRangoFechas	1	0	0	0	0	1	general
dbo	spzz_ObtenerTodosLosTraspasosXRangoFechas	1	0	0	0	0	1	general
dbo	TraerTodosLasHerramientas	1	0	0	0	0	0	general
dbo	TraerTodosLosProductos	1	0	0	0	0	0	inventory
